{"cameraMode":{"drawMode":0,"name":"Shaded","section":"Shading Mode"},"sceneLighting":true,"audioPlay":false,"sceneViewState":{"showFog":true,"showMaterialUpdate":false,"showSkybox":true,"showFlares":true,"showImageEffects":true,"showParticleSystems":true},"in2DMode":false,"pivot":{"x":0.9363114237785339,"y":8.481569290161133,"z":-13.185733795166016},"rotation":{"x":-0.4528968930244446,"y":0.03475521504878998,"z":-0.017671946436166765,"w":-0.8907099366188049},"size":5.187992095947266,"orthographic":false}